{
  "train_loss": [
    0.17996004965541187,
    0.17558699216535956,
    0.17484203497643597,
    0.1744374527702648,
    0.1742525824887961,
    0.17406656597271894,
    0.17398372691506275,
    0.17384335560746955,
    0.17386626374482633,
    0.1738624011460341
  ],
  "val_loss": [
    0.17513708955731125,
    0.17415154839813118,
    0.17377466281953738,
    0.17322585265698476,
    0.1727673522323376,
    0.17368543671991532,
    0.1731581855984963,
    0.17283475117464545,
    0.17307779026102643,
    0.1729880028984495
  ],
  "train_acc": [
    97.15658754974417,
    97.21158070184505,
    97.21553762468345,
    97.21577988526539,
    97.21610289937465,
    97.21658742053853,
    97.21529536410151,
    97.21618365290196,
    97.21723344875704,
    97.21610289937465
  ],
  "val_acc": [
    97.2291939208941,
    97.23759226060695,
    97.23953033900221,
    97.23953033900221,
    97.23726924754106,
    97.24017636513398,
    97.23759226060695,
    97.23597719527756,
    97.23403911688227,
    97.23856129980457
  ],
  "train_topk_acc": [
    99.2064350870846,
    99.25949015452996,
    99.29090327665513,
    99.28993423432736,
    99.28710786087136,
    99.28953046669079,
    99.29219533309215,
    99.29946315055042,
    99.29300286836529,
    99.2918723189829
  ],
  "val_topk_acc": [
    99.24059628211961,
    99.27709675856389,
    99.276773745498,
    99.24641051730542,
    99.2932474118578,
    99.30649094755883,
    99.30745998675647,
    99.32845583603857,
    99.25836200074293,
    99.32813282297269
  ]
}