{
  "train_loss": [
    0.1812361215190644,
    0.17560428912254636,
    0.17485872897271637,
    0.1743581373772622,
    0.17407238503606695,
    0.1738504679497316,
    0.1737255418481722,
    0.1736755888011335,
    0.17367791109792646,
    0.17359144909937776
  ],
  "val_loss": [
    0.17743741783910033,
    0.17674789150464199,
    0.1779042884960048,
    0.17529897605219924,
    0.17458567274025874,
    0.17472328094954478,
    0.1748339079598698,
    0.17486549806478202,
    0.1746705318169613,
    0.17458484527658027
  ],
  "train_acc": [
    97.13194034258713,
    97.21168044890726,
    97.21638733018311,
    97.218417749557,
    97.21970983461311,
    97.22026358535145,
    97.21961754282339,
    97.21961754282339,
    97.21970983461311,
    97.21961754282339
  ],
  "val_acc": [
    97.18590108015918,
    97.19623753165538,
    97.2018364428825,
    97.20312849931952,
    97.20485124123554,
    97.2022671283615,
    97.19925233000843,
    97.20355918479852,
    97.20097507192447,
    97.20398987027754
  ],
  "train_topk_acc": [
    99.19669226225635,
    99.25326712935617,
    99.27200236266982,
    99.28649217365623,
    99.28584613112818,
    99.30651949202598,
    99.29101447135263,
    99.30098198464265,
    99.28520008860012,
    99.29369093325458
  ],
  "val_topk_acc": [
    99.2351025892811,
    99.21227625889365,
    99.29798266921632,
    99.2661119437697,
    99.23984012955019,
    99.28075525005599,
    99.32037831412477,
    99.28161662101401,
    99.23165710544903,
    99.23424121832308
  ],
  "test_loss": 0.17232153508986747,
  "test_acc": 97.24662773269937,
  "test_topk_acc": 99.24586972625632
}